snapshot_time_lima,snapshot_time_utc,symbol,name,category,price,previous_close,change,change_pct,direction,price_time
2026-05-28T19:11:22.894251-05:00,2026-05-29T00:11:22.894251+00:00,USDPEN=X,USD/PEN,FX,3.405,3.3374,0.0676,2.0255,up,2026-05-28T19:45:00-04:00
2026-05-28T19:11:22.894251-05:00,2026-05-29T00:11:22.894251+00:00,EURUSD=X,EUR/USD,FX,1.165637,1.161791,0.003846,0.331,up,2026-05-28T20:00:00-04:00
2026-05-28T19:11:22.894251-05:00,2026-05-29T00:11:22.894251+00:00,DX-Y.NYB,DXY,Dólar,98.987999,99.209999,-0.222,-0.2238,down,2026-05-28T20:00:00-04:00
2026-05-28T19:11:22.894251-05:00,2026-05-29T00:11:22.894251+00:00,^GSPC,S&P 500,Índice,7563.430176,7520.359863,43.070312,0.5727,up,2026-05-28T15:45:00-04:00
2026-05-28T19:11:22.894251-05:00,2026-05-29T00:11:22.894251+00:00,^IXIC,Nasdaq,Índice,26916.914062,26674.730469,242.183594,0.9079,up,2026-05-28T15:45:00-04:00
2026-05-28T19:11:22.894251-05:00,2026-05-29T00:11:22.894251+00:00,^DJI,Dow Jones,Índice,50665.46875,50644.28125,21.1875,0.0418,up,2026-05-28T15:45:00-04:00
2026-05-28T19:11:22.894251-05:00,2026-05-29T00:11:22.894251+00:00,^VIX,VIX,Volatilidad,15.76,16.290001,-0.530001,-3.2535,down,2026-05-28T16:00:00-04:00
2026-05-28T19:11:22.894251-05:00,2026-05-29T00:11:22.894251+00:00,^TNX,US 10Y,Tasa,4.455,4.481,-0.026,-0.5802,down,2026-05-28T14:50:00-04:00
2026-05-28T19:11:22.894251-05:00,2026-05-29T00:11:22.894251+00:00,GC=F,Oro,Commodity,4528.200195,4447.5,80.700195,1.8145,up,2026-05-28T20:00:00-04:00
2026-05-28T19:11:22.894251-05:00,2026-05-29T00:11:22.894251+00:00,CL=F,WTI,Commodity,88.290001,88.68,-0.389999,-0.4398,down,2026-05-28T20:00:00-04:00
2026-05-28T19:11:22.894251-05:00,2026-05-29T00:11:22.894251+00:00,HG=F,Cobre,Commodity,6.4215,6.305,0.1165,1.8477,up,2026-05-28T20:00:00-04:00
2026-05-28T19:11:22.894251-05:00,2026-05-29T00:11:22.894251+00:00,BTC-USD,Bitcoin,Crypto,73646.53125,74344.703125,-698.171875,-0.9391,down,2026-05-28T20:00:00-04:00
2026-05-28T22:50:22.445289-05:00,2026-05-29T03:50:22.445289+00:00,USDPEN=X,USD/PEN,FX,3.3942,3.3374,0.0568,1.7019,up,2026-05-28T23:45:00-04:00
2026-05-28T22:50:22.445289-05:00,2026-05-29T03:50:22.445289+00:00,EURUSD=X,EUR/USD,FX,1.164144,1.161791,0.002353,0.2026,up,2026-05-28T23:45:00-04:00
2026-05-28T22:50:22.445289-05:00,2026-05-29T03:50:22.445289+00:00,DX-Y.NYB,DXY,Dólar,99.093002,99.209999,-0.116997,-0.1179,down,2026-05-28T23:30:00-04:00
2026-05-28T22:50:22.445289-05:00,2026-05-29T03:50:22.445289+00:00,^GSPC,S&P 500,Índice,7563.430176,7520.359863,43.070312,0.5727,up,2026-05-28T15:45:00-04:00
2026-05-28T22:50:22.445289-05:00,2026-05-29T03:50:22.445289+00:00,^IXIC,Nasdaq,Índice,26916.914062,26674.730469,242.183594,0.9079,up,2026-05-28T15:45:00-04:00
2026-05-28T22:50:22.445289-05:00,2026-05-29T03:50:22.445289+00:00,^DJI,Dow Jones,Índice,50665.46875,50644.28125,21.1875,0.0418,up,2026-05-28T15:45:00-04:00
2026-05-28T22:50:22.445289-05:00,2026-05-29T03:50:22.445289+00:00,^VIX,VIX,Volatilidad,15.76,16.290001,-0.530001,-3.2535,down,2026-05-28T16:00:00-04:00
2026-05-28T22:50:22.445289-05:00,2026-05-29T03:50:22.445289+00:00,^TNX,US 10Y,Tasa,4.455,4.481,-0.026,-0.5802,down,2026-05-28T14:50:00-04:00
2026-05-28T22:50:22.445289-05:00,2026-05-29T03:50:22.445289+00:00,GC=F,Oro,Commodity,4527.5,4447.5,80.0,1.7988,up,2026-05-28T23:30:00-04:00
2026-05-28T22:50:22.445289-05:00,2026-05-29T03:50:22.445289+00:00,CL=F,WTI,Commodity,87.739998,88.68,-0.940002,-1.06,down,2026-05-28T23:30:00-04:00
2026-05-28T22:50:22.445289-05:00,2026-05-29T03:50:22.445289+00:00,HG=F,Cobre,Commodity,6.4145,6.305,0.1095,1.7367,up,2026-05-28T23:30:00-04:00
2026-05-28T22:50:22.445289-05:00,2026-05-29T03:50:22.445289+00:00,BTC-USD,Bitcoin,Crypto,73252.5,74344.703125,-1092.203125,-1.4691,down,2026-05-28T23:45:00-04:00
2026-05-29T11:08:03.062316-05:00,2026-05-29T16:08:03.062316+00:00,USDPEN=X,USD/PEN,FX,3.4035,3.3374,0.0661,1.9806,up,2026-05-29T12:00:00-04:00
2026-05-29T11:08:03.062316-05:00,2026-05-29T16:08:03.062316+00:00,EURUSD=X,EUR/USD,FX,1.167815,1.161791,0.006024,0.5185,up,2026-05-29T12:00:00-04:00
2026-05-29T11:08:03.062316-05:00,2026-05-29T16:08:03.062316+00:00,DX-Y.NYB,DXY,Dólar,98.808998,99.019997,-0.210999,-0.2131,down,2026-05-29T11:45:00-04:00
2026-05-29T11:08:03.062316-05:00,2026-05-29T16:08:03.062316+00:00,^GSPC,S&P 500,Índice,7587.819824,7563.629883,24.189941,0.3198,up,2026-05-29T12:00:00-04:00
2026-05-29T11:08:03.062316-05:00,2026-05-29T16:08:03.062316+00:00,^IXIC,Nasdaq,Índice,27004.345703,26917.470703,86.875,0.3227,up,2026-05-29T12:00:00-04:00
2026-05-29T11:08:03.062316-05:00,2026-05-29T16:08:03.062316+00:00,^DJI,Dow Jones,Índice,51038.039062,50668.96875,369.070312,0.7284,up,2026-05-29T12:00:00-04:00
2026-05-29T11:08:03.062316-05:00,2026-05-29T16:08:03.062316+00:00,^VIX,VIX,Volatilidad,15.39,15.74,-0.349999,-2.2236,down,2026-05-29T11:45:00-04:00
2026-05-29T11:08:03.062316-05:00,2026-05-29T16:08:03.062316+00:00,^TNX,US 10Y,Tasa,4.439,4.455,-0.016,-0.3591,down,2026-05-29T11:50:00-04:00
2026-05-29T11:08:03.062316-05:00,2026-05-29T16:08:03.062316+00:00,GC=F,Oro,Commodity,4599.799805,4499.299805,100.5,2.2337,up,2026-05-29T11:45:00-04:00
2026-05-29T11:08:03.062316-05:00,2026-05-29T16:08:03.062316+00:00,CL=F,WTI,Commodity,87.580002,88.900002,-1.32,-1.4848,down,2026-05-29T11:45:00-04:00
2026-05-29T11:08:03.062316-05:00,2026-05-29T16:08:03.062316+00:00,HG=F,Cobre,Commodity,6.4025,6.396,0.0065,0.1016,up,2026-05-29T11:45:00-04:00
2026-05-29T11:08:03.062316-05:00,2026-05-29T16:08:03.062316+00:00,BTC-USD,Bitcoin,Crypto,73702.539062,73536.554688,165.984375,0.2257,up,2026-05-29T12:00:00-04:00
2026-05-29T13:42:38.827675-05:00,2026-05-29T18:42:38.827675+00:00,USDPEN=X,USD/PEN,FX,3.4127,3.3374,0.0753,2.2562,up,2026-05-29T14:30:00-04:00
2026-05-29T13:42:38.827675-05:00,2026-05-29T18:42:38.827675+00:00,EURUSD=X,EUR/USD,FX,1.166997,1.161791,0.005206,0.4481,up,2026-05-29T14:30:00-04:00
2026-05-29T13:42:38.827675-05:00,2026-05-29T18:42:38.827675+00:00,DX-Y.NYB,DXY,Dólar,98.892998,99.019997,-0.126999,-0.1283,down,2026-05-29T14:30:00-04:00
2026-05-29T13:42:38.827675-05:00,2026-05-29T18:42:38.827675+00:00,^GSPC,S&P 500,Índice,7582.879883,7563.629883,19.25,0.2545,up,2026-05-29T14:30:00-04:00
2026-05-29T13:42:38.827675-05:00,2026-05-29T18:42:38.827675+00:00,^IXIC,Nasdaq,Índice,26972.138672,26917.470703,54.667969,0.2031,up,2026-05-29T14:30:00-04:00
2026-05-29T13:42:38.827675-05:00,2026-05-29T18:42:38.827675+00:00,^DJI,Dow Jones,Índice,51007.5,50668.96875,338.53125,0.6681,up,2026-05-29T14:30:00-04:00
2026-05-29T13:42:38.827675-05:00,2026-05-29T18:42:38.827675+00:00,^VIX,VIX,Volatilidad,15.31,15.74,-0.429999,-2.7319,down,2026-05-29T14:15:00-04:00
2026-05-29T13:42:38.827675-05:00,2026-05-29T18:42:38.827675+00:00,^TNX,US 10Y,Tasa,4.437,4.455,-0.018,-0.404,down,2026-05-29T14:20:00-04:00
2026-05-29T13:42:38.827675-05:00,2026-05-29T18:42:38.827675+00:00,GC=F,Oro,Commodity,4591.5,4499.299805,92.200195,2.0492,up,2026-05-29T14:30:00-04:00
2026-05-29T13:42:38.827675-05:00,2026-05-29T18:42:38.827675+00:00,CL=F,WTI,Commodity,87.239998,88.900002,-1.660004,-1.8673,down,2026-05-29T14:30:00-04:00
2026-05-29T13:42:38.827675-05:00,2026-05-29T18:42:38.827675+00:00,HG=F,Cobre,Commodity,6.3925,6.396,-0.0035,-0.0547,down,2026-05-29T14:30:00-04:00
2026-05-29T13:42:38.827675-05:00,2026-05-29T18:42:38.827675+00:00,BTC-USD,Bitcoin,Crypto,73699.390625,73536.554688,162.835938,0.2214,up,2026-05-29T14:30:00-04:00
2026-05-29T16:15:51.767335-05:00,2026-05-29T21:15:51.767335+00:00,USDPEN=X,USD/PEN,FX,3.398,3.3374,0.0606,1.8158,up,2026-05-29T16:45:00-04:00
2026-05-29T16:15:51.767335-05:00,2026-05-29T21:15:51.767335+00:00,EURUSD=X,EUR/USD,FX,1.165909,1.161791,0.004118,0.3544,up,2026-05-29T17:15:00-04:00
2026-05-29T16:15:51.767335-05:00,2026-05-29T21:15:51.767335+00:00,DX-Y.NYB,DXY,Dólar,98.942001,99.019997,-0.077995,-0.0788,down,2026-05-29T16:45:00-04:00
2026-05-29T16:15:51.767335-05:00,2026-05-29T21:15:51.767335+00:00,^GSPC,S&P 500,Índice,7581.25,7563.629883,17.620117,0.233,up,2026-05-29T15:45:00-04:00
2026-05-29T16:15:51.767335-05:00,2026-05-29T21:15:51.767335+00:00,^IXIC,Nasdaq,Índice,26976.353516,26917.470703,58.882812,0.2188,up,2026-05-29T15:45:00-04:00
2026-05-29T16:15:51.767335-05:00,2026-05-29T21:15:51.767335+00:00,^DJI,Dow Jones,Índice,51032.449219,50668.96875,363.480469,0.7174,up,2026-05-29T15:45:00-04:00
2026-05-29T16:15:51.767335-05:00,2026-05-29T21:15:51.767335+00:00,^VIX,VIX,Volatilidad,15.34,15.74,-0.4,-2.5413,down,2026-05-29T16:00:00-04:00
2026-05-29T16:15:51.767335-05:00,2026-05-29T21:15:51.767335+00:00,^TNX,US 10Y,Tasa,4.453,4.455,-0.002,-0.0449,down,2026-05-29T14:50:00-04:00
2026-05-29T16:15:51.767335-05:00,2026-05-29T21:15:51.767335+00:00,GC=F,Oro,Commodity,4569.899902,4499.299805,70.600098,1.5691,up,2026-05-29T16:45:00-04:00
2026-05-29T16:15:51.767335-05:00,2026-05-29T21:15:51.767335+00:00,CL=F,WTI,Commodity,87.760002,88.900002,-1.139999,-1.2823,down,2026-05-29T16:45:00-04:00
2026-05-29T16:15:51.767335-05:00,2026-05-29T21:15:51.767335+00:00,HG=F,Cobre,Commodity,6.394,6.396,-0.002,-0.0313,down,2026-05-29T16:45:00-04:00
2026-05-29T16:15:51.767335-05:00,2026-05-29T21:15:51.767335+00:00,BTC-USD,Bitcoin,Crypto,73696.882812,73536.554688,160.328125,0.218,up,2026-05-29T17:15:00-04:00
2026-05-29T17:43:09.537374-05:00,2026-05-29T22:43:09.537374+00:00,USDPEN=X,USD/PEN,FX,3.398,3.3374,0.0606,1.8158,up,2026-05-29T17:30:00-04:00
2026-05-29T17:43:09.537374-05:00,2026-05-29T22:43:09.537374+00:00,EURUSD=X,EUR/USD,FX,1.165909,1.161791,0.004118,0.3544,up,2026-05-29T17:15:00-04:00
2026-05-29T17:43:09.537374-05:00,2026-05-29T22:43:09.537374+00:00,DX-Y.NYB,DXY,Dólar,98.942001,99.019997,-0.077995,-0.0788,down,2026-05-29T16:45:00-04:00
2026-05-29T17:43:09.537374-05:00,2026-05-29T22:43:09.537374+00:00,^GSPC,S&P 500,Índice,7581.25,7563.629883,17.620117,0.233,up,2026-05-29T15:45:00-04:00
2026-05-29T17:43:09.537374-05:00,2026-05-29T22:43:09.537374+00:00,^IXIC,Nasdaq,Índice,26976.353516,26917.470703,58.882812,0.2188,up,2026-05-29T15:45:00-04:00
2026-05-29T17:43:09.537374-05:00,2026-05-29T22:43:09.537374+00:00,^DJI,Dow Jones,Índice,51032.449219,50668.96875,363.480469,0.7174,up,2026-05-29T15:45:00-04:00
2026-05-29T17:43:09.537374-05:00,2026-05-29T22:43:09.537374+00:00,^VIX,VIX,Volatilidad,15.34,15.74,-0.4,-2.5413,down,2026-05-29T16:00:00-04:00
2026-05-29T17:43:09.537374-05:00,2026-05-29T22:43:09.537374+00:00,^TNX,US 10Y,Tasa,4.453,4.455,-0.002,-0.0449,down,2026-05-29T14:50:00-04:00
2026-05-29T17:43:09.537374-05:00,2026-05-29T22:43:09.537374+00:00,GC=F,Oro,Commodity,4569.899902,4499.299805,70.600098,1.5691,up,2026-05-29T16:45:00-04:00
2026-05-29T17:43:09.537374-05:00,2026-05-29T22:43:09.537374+00:00,CL=F,WTI,Commodity,87.760002,88.900002,-1.139999,-1.2823,down,2026-05-29T16:45:00-04:00
2026-05-29T17:43:09.537374-05:00,2026-05-29T22:43:09.537374+00:00,HG=F,Cobre,Commodity,6.394,6.396,-0.002,-0.0313,down,2026-05-29T16:45:00-04:00
2026-05-29T17:43:09.537374-05:00,2026-05-29T22:43:09.537374+00:00,BTC-USD,Bitcoin,Crypto,73364.34375,73536.554688,-172.210938,-0.2342,down,2026-05-29T18:30:00-04:00
2026-05-29T19:17:39.114467-05:00,2026-05-30T00:17:39.114467+00:00,USDPEN=X,USD/PEN,FX,3.398,3.3374,0.0606,1.8158,up,2026-05-29T17:30:00-04:00
2026-05-29T19:17:39.114467-05:00,2026-05-30T00:17:39.114467+00:00,EURUSD=X,EUR/USD,FX,1.165909,1.161791,0.004118,0.3544,up,2026-05-29T17:15:00-04:00
2026-05-29T19:17:39.114467-05:00,2026-05-30T00:17:39.114467+00:00,DX-Y.NYB,DXY,Dólar,98.942001,99.019997,-0.077995,-0.0788,down,2026-05-29T16:45:00-04:00
2026-05-29T19:17:39.114467-05:00,2026-05-30T00:17:39.114467+00:00,^GSPC,S&P 500,Índice,7581.25,7563.629883,17.620117,0.233,up,2026-05-29T15:45:00-04:00
2026-05-29T19:17:39.114467-05:00,2026-05-30T00:17:39.114467+00:00,^IXIC,Nasdaq,Índice,26976.353516,26917.470703,58.882812,0.2188,up,2026-05-29T15:45:00-04:00
2026-05-29T19:17:39.114467-05:00,2026-05-30T00:17:39.114467+00:00,^DJI,Dow Jones,Índice,51032.449219,50668.96875,363.480469,0.7174,up,2026-05-29T15:45:00-04:00
2026-05-29T19:17:39.114467-05:00,2026-05-30T00:17:39.114467+00:00,^VIX,VIX,Volatilidad,15.34,15.74,-0.4,-2.5413,down,2026-05-29T16:00:00-04:00
2026-05-29T19:17:39.114467-05:00,2026-05-30T00:17:39.114467+00:00,^TNX,US 10Y,Tasa,4.453,4.455,-0.002,-0.0449,down,2026-05-29T14:50:00-04:00
2026-05-29T19:17:39.114467-05:00,2026-05-30T00:17:39.114467+00:00,GC=F,Oro,Commodity,4569.899902,4499.299805,70.600098,1.5691,up,2026-05-29T16:45:00-04:00
2026-05-29T19:17:39.114467-05:00,2026-05-30T00:17:39.114467+00:00,CL=F,WTI,Commodity,87.760002,88.900002,-1.139999,-1.2823,down,2026-05-29T16:45:00-04:00
2026-05-29T19:17:39.114467-05:00,2026-05-30T00:17:39.114467+00:00,HG=F,Cobre,Commodity,6.394,6.396,-0.002,-0.0313,down,2026-05-29T16:45:00-04:00
2026-05-29T19:17:39.114467-05:00,2026-05-30T00:17:39.114467+00:00,BTC-USD,Bitcoin,Crypto,73395.9375,73536.554688,-140.617188,-0.1912,down,2026-05-29T20:15:00-04:00
2026-06-01T13:15:52.719596-05:00,2026-06-01T18:15:52.719596+00:00,USDPEN=X,USD/PEN,FX,3.4056,3.408,-0.0024,-0.0704,down,2026-06-01T14:00:00-04:00
2026-06-01T13:15:52.719596-05:00,2026-06-01T18:15:52.719596+00:00,EURUSD=X,EUR/USD,FX,1.163738,1.165284,-0.001546,-0.1327,down,2026-06-01T14:15:00-04:00
2026-06-01T13:15:52.719596-05:00,2026-06-01T18:15:52.719596+00:00,DX-Y.NYB,DXY,Dólar,99.158997,98.910004,0.248993,0.2517,up,2026-06-01T14:00:00-04:00
2026-06-01T13:15:52.719596-05:00,2026-06-01T18:15:52.719596+00:00,^GSPC,S&P 500,Índice,7610.75,7580.060059,30.689941,0.4049,up,2026-06-01T14:15:00-04:00
2026-06-01T13:15:52.719596-05:00,2026-06-01T18:15:52.719596+00:00,^IXIC,Nasdaq,Índice,27140.808594,26972.619141,168.189453,0.6236,up,2026-06-01T14:15:00-04:00
2026-06-01T13:15:52.719596-05:00,2026-06-01T18:15:52.719596+00:00,^DJI,Dow Jones,Índice,51040.519531,51032.460938,8.058594,0.0158,up,2026-06-01T14:15:00-04:00
2026-06-01T13:15:52.719596-05:00,2026-06-01T18:15:52.719596+00:00,^VIX,VIX,Volatilidad,15.74,15.32,0.42,2.7415,up,2026-06-01T14:00:00-04:00
2026-06-01T13:15:52.719596-05:00,2026-06-01T18:15:52.719596+00:00,^TNX,US 10Y,Tasa,4.471,4.453,0.018,0.4042,up,2026-06-01T13:50:00-04:00
2026-06-01T13:15:52.719596-05:00,2026-06-01T18:15:52.719596+00:00,GC=F,Oro,Commodity,4517.399902,4560.5,-43.100098,-0.9451,down,2026-06-01T14:00:00-04:00
2026-06-01T13:15:52.719596-05:00,2026-06-01T18:15:52.719596+00:00,CL=F,WTI,Commodity,91.889999,87.360001,4.529999,5.1854,up,2026-06-01T14:00:00-04:00
2026-06-01T13:15:52.719596-05:00,2026-06-01T18:15:52.719596+00:00,HG=F,Cobre,Commodity,6.581,6.3595,0.2215,3.483,up,2026-06-01T14:00:00-04:00
2026-06-01T13:15:52.719596-05:00,2026-06-01T18:15:52.719596+00:00,BTC-USD,Bitcoin,Crypto,71409.898438,73579.6875,-2169.789062,-2.9489,down,2026-06-01T14:15:00-04:00
2026-06-01T16:44:07.164714-05:00,2026-06-01T21:44:07.164714+00:00,USDPEN=X,USD/PEN,FX,3.3979,3.408,-0.0101,-0.2964,down,2026-06-01T17:30:00-04:00
2026-06-01T16:44:07.164714-05:00,2026-06-01T21:44:07.164714+00:00,EURUSD=X,EUR/USD,FX,1.163467,1.165284,-0.001817,-0.1559,down,2026-06-01T17:30:00-04:00
2026-06-01T16:44:07.164714-05:00,2026-06-01T21:44:07.164714+00:00,DX-Y.NYB,DXY,Dólar,99.167,98.910004,0.256996,0.2598,up,2026-06-01T17:30:00-04:00
2026-06-01T16:44:07.164714-05:00,2026-06-01T21:44:07.164714+00:00,^GSPC,S&P 500,Índice,7600.25,7580.060059,20.189941,0.2664,up,2026-06-01T15:45:00-04:00
2026-06-01T16:44:07.164714-05:00,2026-06-01T21:44:07.164714+00:00,^IXIC,Nasdaq,Índice,27083.673828,26972.619141,111.054688,0.4117,up,2026-06-01T15:45:00-04:00
2026-06-01T16:44:07.164714-05:00,2026-06-01T21:44:07.164714+00:00,^DJI,Dow Jones,Índice,51075.03125,51032.460938,42.570312,0.0834,up,2026-06-01T15:45:00-04:00
2026-06-01T16:44:07.164714-05:00,2026-06-01T21:44:07.164714+00:00,^VIX,VIX,Volatilidad,16.049999,15.32,0.73,4.765,up,2026-06-01T16:00:00-04:00
2026-06-01T16:44:07.164714-05:00,2026-06-01T21:44:07.164714+00:00,^TNX,US 10Y,Tasa,4.475,4.453,0.022,0.494,up,2026-06-01T14:50:00-04:00
2026-06-01T16:44:07.164714-05:00,2026-06-01T21:44:07.164714+00:00,GC=F,Oro,Commodity,4514.799805,4560.5,-45.700195,-1.0021,down,2026-06-01T16:45:00-04:00
2026-06-01T16:44:07.164714-05:00,2026-06-01T21:44:07.164714+00:00,CL=F,WTI,Commodity,92.470001,87.360001,5.110001,5.8494,up,2026-06-01T16:45:00-04:00
2026-06-01T16:44:07.164714-05:00,2026-06-01T21:44:07.164714+00:00,HG=F,Cobre,Commodity,6.5705,6.3595,0.211,3.3179,up,2026-06-01T16:45:00-04:00
2026-06-01T16:44:07.164714-05:00,2026-06-01T21:44:07.164714+00:00,BTC-USD,Bitcoin,Crypto,70859.117188,73579.6875,-2720.570312,-3.6974,down,2026-06-01T17:30:00-04:00
2026-06-01T18:44:19.321347-05:00,2026-06-01T23:44:19.321347+00:00,USDPEN=X,USD/PEN,FX,3.3985,3.398,0.0005,0.0147,up,2026-06-01T19:30:00-04:00
2026-06-01T18:44:19.321347-05:00,2026-06-01T23:44:19.321347+00:00,EURUSD=X,EUR/USD,FX,1.163873,1.16489,-0.001017,-0.0873,down,2026-06-01T19:30:00-04:00
2026-06-01T18:44:19.321347-05:00,2026-06-01T23:44:19.321347+00:00,DX-Y.NYB,DXY,Dólar,99.181,98.910004,0.270996,0.274,up,2026-06-01T18:00:00-04:00
2026-06-01T18:44:19.321347-05:00,2026-06-01T23:44:19.321347+00:00,^GSPC,S&P 500,Índice,7600.25,7580.060059,20.189941,0.2664,up,2026-06-01T15:45:00-04:00
2026-06-01T18:44:19.321347-05:00,2026-06-01T23:44:19.321347+00:00,^IXIC,Nasdaq,Índice,27083.673828,26972.619141,111.054688,0.4117,up,2026-06-01T15:45:00-04:00
2026-06-01T18:44:19.321347-05:00,2026-06-01T23:44:19.321347+00:00,^DJI,Dow Jones,Índice,51075.03125,51032.460938,42.570312,0.0834,up,2026-06-01T15:45:00-04:00
2026-06-01T18:44:19.321347-05:00,2026-06-01T23:44:19.321347+00:00,^VIX,VIX,Volatilidad,16.049999,15.32,0.73,4.765,up,2026-06-01T16:00:00-04:00
2026-06-01T18:44:19.321347-05:00,2026-06-01T23:44:19.321347+00:00,^TNX,US 10Y,Tasa,4.475,4.453,0.022,0.494,up,2026-06-01T14:50:00-04:00
2026-06-01T18:44:19.321347-05:00,2026-06-01T23:44:19.321347+00:00,GC=F,Oro,Commodity,4515.0,4560.5,-45.5,-0.9977,down,2026-06-01T19:30:00-04:00
2026-06-01T18:44:19.321347-05:00,2026-06-01T23:44:19.321347+00:00,CL=F,WTI,Commodity,92.309998,87.360001,4.949997,5.6662,up,2026-06-01T19:30:00-04:00
2026-06-01T18:44:19.321347-05:00,2026-06-01T23:44:19.321347+00:00,HG=F,Cobre,Commodity,6.5695,6.3595,0.21,3.3021,up,2026-06-01T19:30:00-04:00
2026-06-01T18:44:19.321347-05:00,2026-06-01T23:44:19.321347+00:00,BTC-USD,Bitcoin,Crypto,71429.15625,73579.6875,-2150.53125,-2.9227,down,2026-06-01T19:30:00-04:00
2026-06-02T11:54:32.467143-05:00,2026-06-02T16:54:32.467143+00:00,USDPEN=X,USD/PEN,FX,3.4037,3.398,0.0057,0.1677,up,2026-06-02T12:45:00-04:00
2026-06-02T11:54:32.467143-05:00,2026-06-02T16:54:32.467143+00:00,EURUSD=X,EUR/USD,FX,1.163196,1.16489,-0.001694,-0.1454,down,2026-06-02T12:45:00-04:00
2026-06-02T11:54:32.467143-05:00,2026-06-02T16:54:32.467143+00:00,DX-Y.NYB,DXY,Dólar,99.227997,99.199997,0.028,0.0282,up,2026-06-02T12:30:00-04:00
2026-06-02T11:54:32.467143-05:00,2026-06-02T16:54:32.467143+00:00,^GSPC,S&P 500,Índice,7613.390137,7599.959961,13.430176,0.1767,up,2026-06-02T12:45:00-04:00
2026-06-02T11:54:32.467143-05:00,2026-06-02T16:54:32.467143+00:00,^IXIC,Nasdaq,Índice,27129.277344,27086.810547,42.466797,0.1568,up,2026-06-02T12:45:00-04:00
2026-06-02T11:54:32.467143-05:00,2026-06-02T16:54:32.467143+00:00,^DJI,Dow Jones,Índice,51225.398438,51078.878906,146.519531,0.2868,up,2026-06-02T12:45:00-04:00
2026-06-02T11:54:32.467143-05:00,2026-06-02T16:54:32.467143+00:00,^VIX,VIX,Volatilidad,16.0,16.049999,-0.049999,-0.3115,down,2026-06-02T12:30:00-04:00
2026-06-02T11:54:32.467143-05:00,2026-06-02T16:54:32.467143+00:00,^TNX,US 10Y,Tasa,4.461,4.475,-0.014,-0.3128,down,2026-06-02T12:35:00-04:00
2026-06-02T11:54:32.467143-05:00,2026-06-02T16:54:32.467143+00:00,GC=F,Oro,Commodity,4520.100098,4475.200195,44.899902,1.0033,up,2026-06-02T12:30:00-04:00
2026-06-02T11:54:32.467143-05:00,2026-06-02T16:54:32.467143+00:00,CL=F,WTI,Commodity,93.309998,92.160004,1.149994,1.2478,up,2026-06-02T12:30:00-04:00
2026-06-02T11:54:32.467143-05:00,2026-06-02T16:54:32.467143+00:00,HG=F,Cobre,Commodity,6.6765,6.524,0.1525,2.3375,up,2026-06-02T12:30:00-04:00
2026-06-02T11:54:32.467143-05:00,2026-06-02T16:54:32.467143+00:00,BTC-USD,Bitcoin,Crypto,67463.4375,71319.773438,-3856.335938,-5.4071,down,2026-06-02T12:45:00-04:00
2026-06-02T15:18:20.573898-05:00,2026-06-02T20:18:20.573898+00:00,USDPEN=X,USD/PEN,FX,3.4019,3.398,0.0039,0.1148,up,2026-06-02T15:45:00-04:00
2026-06-02T15:18:20.573898-05:00,2026-06-02T20:18:20.573898+00:00,EURUSD=X,EUR/USD,FX,1.163603,1.16489,-0.001288,-0.1105,down,2026-06-02T16:15:00-04:00
2026-06-02T15:18:20.573898-05:00,2026-06-02T20:18:20.573898+00:00,DX-Y.NYB,DXY,Dólar,99.190002,99.199997,-0.009995,-0.0101,down,2026-06-02T16:00:00-04:00
2026-06-02T15:18:20.573898-05:00,2026-06-02T20:18:20.573898+00:00,^GSPC,S&P 500,Índice,7610.509766,7599.959961,10.549805,0.1388,up,2026-06-02T15:45:00-04:00
2026-06-02T15:18:20.573898-05:00,2026-06-02T20:18:20.573898+00:00,^IXIC,Nasdaq,Índice,27093.955078,27086.810547,7.144531,0.0264,up,2026-06-02T15:45:00-04:00
2026-06-02T15:18:20.573898-05:00,2026-06-02T20:18:20.573898+00:00,^DJI,Dow Jones,Índice,51316.011719,51078.878906,237.132812,0.4642,up,2026-06-02T15:45:00-04:00
2026-06-02T15:18:20.573898-05:00,2026-06-02T20:18:20.573898+00:00,^VIX,VIX,Volatilidad,15.8,16.049999,-0.249999,-1.5576,down,2026-06-02T16:00:00-04:00
2026-06-02T15:18:20.573898-05:00,2026-06-02T20:18:20.573898+00:00,^TNX,US 10Y,Tasa,4.455,4.475,-0.02,-0.4469,down,2026-06-02T14:50:00-04:00
2026-06-02T15:18:20.573898-05:00,2026-06-02T20:18:20.573898+00:00,GC=F,Oro,Commodity,4517.899902,4475.200195,42.699707,0.9541,up,2026-06-02T16:00:00-04:00
2026-06-02T15:18:20.573898-05:00,2026-06-02T20:18:20.573898+00:00,CL=F,WTI,Commodity,93.580002,92.160004,1.419998,1.5408,up,2026-06-02T16:00:00-04:00
2026-06-02T15:18:20.573898-05:00,2026-06-02T20:18:20.573898+00:00,HG=F,Cobre,Commodity,6.6745,6.524,0.1505,2.3069,up,2026-06-02T16:00:00-04:00
2026-06-02T15:18:20.573898-05:00,2026-06-02T20:18:20.573898+00:00,BTC-USD,Bitcoin,Crypto,67055.007812,71319.773438,-4264.765625,-5.9798,down,2026-06-02T16:15:00-04:00
2026-06-02T20:45:51.877293-05:00,2026-06-03T01:45:51.877293+00:00,USDPEN=X,USD/PEN,FX,3.4019,3.331387,0.070513,2.1166,up,2026-06-02T21:00:00-04:00
2026-06-02T20:45:51.877293-05:00,2026-06-03T01:45:51.877293+00:00,EURUSD=X,EUR/USD,FX,1.163467,1.163548,-8.1e-05,-0.007,down,2026-06-02T21:45:00-04:00
2026-06-02T20:45:51.877293-05:00,2026-06-03T01:45:51.877293+00:00,DX-Y.NYB,DXY,Dólar,99.210999,99.199997,0.011002,0.0111,up,2026-06-02T21:30:00-04:00
2026-06-02T20:45:51.877293-05:00,2026-06-03T01:45:51.877293+00:00,^GSPC,S&P 500,Índice,7610.509766,7599.959961,10.549805,0.1388,up,2026-06-02T15:45:00-04:00
2026-06-02T20:45:51.877293-05:00,2026-06-03T01:45:51.877293+00:00,^IXIC,Nasdaq,Índice,27093.955078,27086.810547,7.144531,0.0264,up,2026-06-02T15:45:00-04:00
2026-06-02T20:45:51.877293-05:00,2026-06-03T01:45:51.877293+00:00,^DJI,Dow Jones,Índice,51316.011719,51078.878906,237.132812,0.4642,up,2026-06-02T15:45:00-04:00
2026-06-02T20:45:51.877293-05:00,2026-06-03T01:45:51.877293+00:00,^VIX,VIX,Volatilidad,15.78,16.049999,-0.27,-1.6822,down,2026-06-02T16:00:00-04:00
2026-06-02T20:45:51.877293-05:00,2026-06-03T01:45:51.877293+00:00,^TNX,US 10Y,Tasa,4.455,4.475,-0.02,-0.4469,down,2026-06-02T14:50:00-04:00
2026-06-02T20:45:51.877293-05:00,2026-06-03T01:45:51.877293+00:00,GC=F,Oro,Commodity,4500.100098,4475.200195,24.899902,0.5564,up,2026-06-02T21:30:00-04:00
2026-06-02T20:45:51.877293-05:00,2026-06-03T01:45:51.877293+00:00,CL=F,WTI,Commodity,94.870003,92.160004,2.709999,2.9405,up,2026-06-02T21:30:00-04:00
2026-06-02T20:45:51.877293-05:00,2026-06-03T01:45:51.877293+00:00,HG=F,Cobre,Commodity,6.642,6.524,0.118,1.8087,up,2026-06-02T21:30:00-04:00
2026-06-02T20:45:51.877293-05:00,2026-06-03T01:45:51.877293+00:00,BTC-USD,Bitcoin,Crypto,66452.976562,71319.773438,-4866.796875,-6.8239,down,2026-06-02T21:45:00-04:00
2026-06-03T12:16:05.448844-05:00,2026-06-03T17:16:05.448844+00:00,USDPEN=X,USD/PEN,FX,3.4087,3.331387,0.077313,2.3207,up,2026-06-03T13:00:00-04:00
2026-06-03T12:16:05.448844-05:00,2026-06-03T17:16:05.448844+00:00,EURUSD=X,EUR/USD,FX,1.160362,1.163548,-0.003186,-0.2738,down,2026-06-03T13:15:00-04:00
2026-06-03T12:16:05.448844-05:00,2026-06-03T17:16:05.448844+00:00,DX-Y.NYB,DXY,Dólar,99.510002,99.220001,0.290001,0.2923,up,2026-06-03T13:00:00-04:00
2026-06-03T12:16:05.448844-05:00,2026-06-03T17:16:05.448844+00:00,^GSPC,S&P 500,Índice,7558.189941,7609.779785,-51.589844,-0.6779,down,2026-06-03T13:15:00-04:00
2026-06-03T12:16:05.448844-05:00,2026-06-03T17:16:05.448844+00:00,^IXIC,Nasdaq,Índice,26803.474609,27093.900391,-290.425781,-1.0719,down,2026-06-03T13:15:00-04:00
2026-06-03T12:16:05.448844-05:00,2026-06-03T17:16:05.448844+00:00,^DJI,Dow Jones,Índice,50857.988281,51307.789062,-449.800781,-0.8767,down,2026-06-03T13:15:00-04:00
2026-06-03T12:16:05.448844-05:00,2026-06-03T17:16:05.448844+00:00,^VIX,VIX,Volatilidad,16.23,15.77,0.459999,2.9169,up,2026-06-03T13:00:00-04:00
2026-06-03T12:16:05.448844-05:00,2026-06-03T17:16:05.448844+00:00,^TNX,US 10Y,Tasa,4.495,4.455,0.04,0.8979,up,2026-06-03T12:50:00-04:00
2026-06-03T12:16:05.448844-05:00,2026-06-03T17:16:05.448844+00:00,GC=F,Oro,Commodity,4472.100098,4489.100098,-17.0,-0.3787,down,2026-06-03T13:00:00-04:00
2026-06-03T12:16:05.448844-05:00,2026-06-03T17:16:05.448844+00:00,CL=F,WTI,Commodity,95.779999,93.760002,2.019997,2.1544,up,2026-06-03T13:00:00-04:00
2026-06-03T12:16:05.448844-05:00,2026-06-03T17:16:05.448844+00:00,HG=F,Cobre,Commodity,6.509,6.6495,-0.1405,-2.1129,down,2026-06-03T13:00:00-04:00
2026-06-03T12:16:05.448844-05:00,2026-06-03T17:16:05.448844+00:00,BTC-USD,Bitcoin,Crypto,65700.0,66703.65625,-1003.65625,-1.5046,down,2026-06-03T13:15:00-04:00
2026-06-03T15:28:19.041074-05:00,2026-06-03T20:28:19.041074+00:00,USDPEN=X,USD/PEN,FX,3.4029,3.331387,0.071513,2.1466,up,2026-06-03T16:15:00-04:00
2026-06-03T15:28:19.041074-05:00,2026-06-03T20:28:19.041074+00:00,EURUSD=X,EUR/USD,FX,1.160362,1.163548,-0.003186,-0.2738,down,2026-06-03T16:15:00-04:00
2026-06-03T15:28:19.041074-05:00,2026-06-03T20:28:19.041074+00:00,DX-Y.NYB,DXY,Dólar,99.526001,99.220001,0.306,0.3084,up,2026-06-03T16:15:00-04:00
2026-06-03T15:28:19.041074-05:00,2026-06-03T20:28:19.041074+00:00,^GSPC,S&P 500,Índice,7556.819824,7609.779785,-52.959961,-0.6959,down,2026-06-03T15:45:00-04:00
2026-06-03T15:28:19.041074-05:00,2026-06-03T20:28:19.041074+00:00,^IXIC,Nasdaq,Índice,26862.929688,27093.900391,-230.970703,-0.8525,down,2026-06-03T15:45:00-04:00
2026-06-03T15:28:19.041074-05:00,2026-06-03T20:28:19.041074+00:00,^DJI,Dow Jones,Índice,50735.03125,51307.789062,-572.757812,-1.1163,down,2026-06-03T15:45:00-04:00
2026-06-03T15:28:19.041074-05:00,2026-06-03T20:28:19.041074+00:00,^VIX,VIX,Volatilidad,16.09,15.77,0.32,2.0292,up,2026-06-03T16:00:00-04:00
2026-06-03T15:28:19.041074-05:00,2026-06-03T20:28:19.041074+00:00,^TNX,US 10Y,Tasa,4.491,4.455,0.036,0.8081,up,2026-06-03T14:50:00-04:00
2026-06-03T15:28:19.041074-05:00,2026-06-03T20:28:19.041074+00:00,GC=F,Oro,Commodity,4466.0,4489.100098,-23.100098,-0.5146,down,2026-06-03T16:15:00-04:00
2026-06-03T15:28:19.041074-05:00,2026-06-03T20:28:19.041074+00:00,CL=F,WTI,Commodity,96.349998,93.760002,2.589996,2.7624,up,2026-06-03T16:15:00-04:00
2026-06-03T15:28:19.041074-05:00,2026-06-03T20:28:19.041074+00:00,HG=F,Cobre,Commodity,6.487,6.6495,-0.1625,-2.4438,down,2026-06-03T16:15:00-04:00
2026-06-03T15:28:19.041074-05:00,2026-06-03T20:28:19.041074+00:00,BTC-USD,Bitcoin,Crypto,65499.511719,66703.65625,-1204.144531,-1.8052,down,2026-06-03T16:15:00-04:00
2026-06-03T18:13:23.856141-05:00,2026-06-03T23:13:23.856141+00:00,USDPEN=X,USD/PEN,FX,3.4036,3.402,0.0016,0.047,up,2026-06-03T19:00:00-04:00
2026-06-03T18:13:23.856141-05:00,2026-06-03T23:13:23.856141+00:00,EURUSD=X,EUR/USD,FX,1.160497,1.16221,-0.001713,-0.1474,down,2026-06-03T19:00:00-04:00
2026-06-03T18:13:23.856141-05:00,2026-06-03T23:13:23.856141+00:00,DX-Y.NYB,DXY,Dólar,99.550003,99.220001,0.330002,0.3326,up,2026-06-03T18:00:00-04:00
2026-06-03T18:13:23.856141-05:00,2026-06-03T23:13:23.856141+00:00,^GSPC,S&P 500,Índice,7556.819824,7609.779785,-52.959961,-0.6959,down,2026-06-03T15:45:00-04:00
2026-06-03T18:13:23.856141-05:00,2026-06-03T23:13:23.856141+00:00,^IXIC,Nasdaq,Índice,26862.929688,27093.900391,-230.970703,-0.8525,down,2026-06-03T15:45:00-04:00
2026-06-03T18:13:23.856141-05:00,2026-06-03T23:13:23.856141+00:00,^DJI,Dow Jones,Índice,50735.03125,51307.789062,-572.757812,-1.1163,down,2026-06-03T15:45:00-04:00
2026-06-03T18:13:23.856141-05:00,2026-06-03T23:13:23.856141+00:00,^VIX,VIX,Volatilidad,16.1,15.77,0.33,2.0926,up,2026-06-03T16:00:00-04:00
2026-06-03T18:13:23.856141-05:00,2026-06-03T23:13:23.856141+00:00,^TNX,US 10Y,Tasa,4.491,4.455,0.036,0.8081,up,2026-06-03T14:50:00-04:00
2026-06-03T18:13:23.856141-05:00,2026-06-03T23:13:23.856141+00:00,GC=F,Oro,Commodity,4471.5,4489.100098,-17.600098,-0.3921,down,2026-06-03T19:00:00-04:00
2026-06-03T18:13:23.856141-05:00,2026-06-03T23:13:23.856141+00:00,CL=F,WTI,Commodity,95.239998,93.760002,1.479996,1.5785,up,2026-06-03T19:00:00-04:00
2026-06-03T18:13:23.856141-05:00,2026-06-03T23:13:23.856141+00:00,HG=F,Cobre,Commodity,6.4875,6.6495,-0.162,-2.4363,down,2026-06-03T19:00:00-04:00
2026-06-03T18:13:23.856141-05:00,2026-06-03T23:13:23.856141+00:00,BTC-USD,Bitcoin,Crypto,64580.730469,66703.65625,-2122.925781,-3.1826,down,2026-06-03T19:00:00-04:00
2026-06-03T20:48:07.549906-05:00,2026-06-04T01:48:07.549906+00:00,USDPEN=X,USD/PEN,FX,3.4031,3.402,0.0011,0.0323,up,2026-06-03T21:00:00-04:00
2026-06-03T20:48:07.549906-05:00,2026-06-04T01:48:07.549906+00:00,EURUSD=X,EUR/USD,FX,1.16117,1.16221,-0.001039,-0.0894,down,2026-06-03T21:45:00-04:00
2026-06-03T20:48:07.549906-05:00,2026-06-04T01:48:07.549906+00:00,DX-Y.NYB,DXY,Dólar,99.441002,99.220001,0.221001,0.2227,up,2026-06-03T21:30:00-04:00
2026-06-03T20:48:07.549906-05:00,2026-06-04T01:48:07.549906+00:00,^GSPC,S&P 500,Índice,7556.819824,7609.779785,-52.959961,-0.6959,down,2026-06-03T15:45:00-04:00
2026-06-03T20:48:07.549906-05:00,2026-06-04T01:48:07.549906+00:00,^IXIC,Nasdaq,Índice,26862.929688,27093.900391,-230.970703,-0.8525,down,2026-06-03T15:45:00-04:00
2026-06-03T20:48:07.549906-05:00,2026-06-04T01:48:07.549906+00:00,^DJI,Dow Jones,Índice,50735.03125,51307.789062,-572.757812,-1.1163,down,2026-06-03T15:45:00-04:00
2026-06-03T20:48:07.549906-05:00,2026-06-04T01:48:07.549906+00:00,^VIX,VIX,Volatilidad,16.1,15.77,0.33,2.0926,up,2026-06-03T16:00:00-04:00
2026-06-03T20:48:07.549906-05:00,2026-06-04T01:48:07.549906+00:00,^TNX,US 10Y,Tasa,4.491,4.455,0.036,0.8081,up,2026-06-03T14:50:00-04:00
2026-06-03T20:48:07.549906-05:00,2026-06-04T01:48:07.549906+00:00,GC=F,Oro,Commodity,4493.700195,4489.100098,4.600098,0.1025,up,2026-06-03T21:30:00-04:00
2026-06-03T20:48:07.549906-05:00,2026-06-04T01:48:07.549906+00:00,CL=F,WTI,Commodity,94.919998,93.760002,1.159996,1.2372,up,2026-06-03T21:30:00-04:00
2026-06-03T20:48:07.549906-05:00,2026-06-04T01:48:07.549906+00:00,HG=F,Cobre,Commodity,6.4745,6.6495,-0.175,-2.6318,down,2026-06-03T21:30:00-04:00
2026-06-03T20:48:07.549906-05:00,2026-06-04T01:48:07.549906+00:00,BTC-USD,Bitcoin,Crypto,62595.0,66703.65625,-4108.65625,-6.1596,down,2026-06-03T21:45:00-04:00
2026-06-04T10:40:06.634593-05:00,2026-06-04T15:40:06.634593+00:00,USDPEN=X,USD/PEN,FX,3.4153,3.402,0.0133,0.3909,up,2026-06-04T11:30:00-04:00
2026-06-04T10:40:06.634593-05:00,2026-06-04T15:40:06.634593+00:00,EURUSD=X,EUR/USD,FX,1.162926,1.16221,0.000716,0.0616,up,2026-06-04T11:30:00-04:00
2026-06-04T10:40:06.634593-05:00,2026-06-04T15:40:06.634593+00:00,DX-Y.NYB,DXY,Dólar,99.360001,99.529999,-0.169998,-0.1708,down,2026-06-04T11:30:00-04:00
2026-06-04T10:40:06.634593-05:00,2026-06-04T15:40:06.634593+00:00,^GSPC,S&P 500,Índice,7571.299805,7553.680176,17.619629,0.2333,up,2026-06-04T11:30:00-04:00
2026-06-04T10:40:06.634593-05:00,2026-06-04T15:40:06.634593+00:00,^IXIC,Nasdaq,Índice,26784.554688,26853.980469,-69.425781,-0.2585,down,2026-06-04T11:30:00-04:00
2026-06-04T10:40:06.634593-05:00,2026-06-04T15:40:06.634593+00:00,^DJI,Dow Jones,Índice,51564.25,50687.070312,877.179688,1.7306,up,2026-06-04T11:30:00-04:00
2026-06-04T10:40:06.634593-05:00,2026-06-04T15:40:06.634593+00:00,^VIX,VIX,Volatilidad,15.63,16.059999,-0.429999,-2.6775,down,2026-06-04T11:15:00-04:00
2026-06-04T10:40:06.634593-05:00,2026-06-04T15:40:06.634593+00:00,^TNX,US 10Y,Tasa,4.461,4.491,-0.03,-0.668,down,2026-06-04T11:20:00-04:00
2026-06-04T10:40:06.634593-05:00,2026-06-04T15:40:06.634593+00:00,GC=F,Oro,Commodity,4498.299805,4436.700195,61.599609,1.3884,up,2026-06-04T11:30:00-04:00
2026-06-04T10:40:06.634593-05:00,2026-06-04T15:40:06.634593+00:00,CL=F,WTI,Commodity,92.739998,96.019997,-3.279999,-3.416,down,2026-06-04T11:30:00-04:00
2026-06-04T10:40:06.634593-05:00,2026-06-04T15:40:06.634593+00:00,HG=F,Cobre,Commodity,6.5345,6.481,0.0535,0.8255,up,2026-06-04T11:30:00-04:00
2026-06-04T10:40:06.634593-05:00,2026-06-04T15:40:06.634593+00:00,BTC-USD,Bitcoin,Crypto,63794.660156,64014.367188,-219.707031,-0.3432,down,2026-06-04T11:30:00-04:00
2026-06-04T13:28:58.523013-05:00,2026-06-04T18:28:58.523013+00:00,USDPEN=X,USD/PEN,FX,3.4039,3.402,0.0019,0.0558,up,2026-06-04T14:15:00-04:00
2026-06-04T13:28:58.523013-05:00,2026-06-04T18:28:58.523013+00:00,EURUSD=X,EUR/USD,FX,1.162115,1.16221,-9.5e-05,-0.0081,down,2026-06-04T14:15:00-04:00
2026-06-04T13:28:58.523013-05:00,2026-06-04T18:28:58.523013+00:00,DX-Y.NYB,DXY,Dólar,99.383003,99.529999,-0.146996,-0.1477,down,2026-06-04T14:15:00-04:00
2026-06-04T13:28:58.523013-05:00,2026-06-04T18:28:58.523013+00:00,^GSPC,S&P 500,Índice,7592.640137,7553.680176,38.959961,0.5158,up,2026-06-04T14:15:00-04:00
2026-06-04T13:28:58.523013-05:00,2026-06-04T18:28:58.523013+00:00,^IXIC,Nasdaq,Índice,26914.066406,26853.980469,60.085938,0.2238,up,2026-06-04T14:15:00-04:00
2026-06-04T13:28:58.523013-05:00,2026-06-04T18:28:58.523013+00:00,^DJI,Dow Jones,Índice,51525.671875,50687.070312,838.601562,1.6545,up,2026-06-04T14:15:00-04:00
2026-06-04T13:28:58.523013-05:00,2026-06-04T18:28:58.523013+00:00,^VIX,VIX,Volatilidad,15.36,16.059999,-0.7,-4.3587,down,2026-06-04T14:00:00-04:00
2026-06-04T13:28:58.523013-05:00,2026-06-04T18:28:58.523013+00:00,^TNX,US 10Y,Tasa,4.473,4.491,-0.018,-0.4008,down,2026-06-04T14:05:00-04:00
2026-06-04T13:28:58.523013-05:00,2026-06-04T18:28:58.523013+00:00,GC=F,Oro,Commodity,4505.899902,4436.700195,69.199707,1.5597,up,2026-06-04T14:15:00-04:00
2026-06-04T13:28:58.523013-05:00,2026-06-04T18:28:58.523013+00:00,CL=F,WTI,Commodity,92.120003,96.019997,-3.899994,-4.0616,down,2026-06-04T14:15:00-04:00
2026-06-04T13:28:58.523013-05:00,2026-06-04T18:28:58.523013+00:00,HG=F,Cobre,Commodity,6.5485,6.481,0.0675,1.0415,up,2026-06-04T14:15:00-04:00
2026-06-04T13:28:58.523013-05:00,2026-06-04T18:28:58.523013+00:00,BTC-USD,Bitcoin,Crypto,63528.011719,64014.367188,-486.355469,-0.7598,down,2026-06-04T14:15:00-04:00
2026-06-04T16:03:03.095399-05:00,2026-06-04T21:03:03.095399+00:00,USDPEN=X,USD/PEN,FX,3.3996,3.402,-0.0024,-0.0705,down,2026-06-04T16:45:00-04:00
2026-06-04T16:03:03.095399-05:00,2026-06-04T21:03:03.095399+00:00,EURUSD=X,EUR/USD,FX,1.161845,1.16221,-0.000365,-0.0314,down,2026-06-04T17:00:00-04:00
2026-06-04T16:03:03.095399-05:00,2026-06-04T21:03:03.095399+00:00,DX-Y.NYB,DXY,Dólar,99.445,99.529999,-0.084999,-0.0854,down,2026-06-04T16:45:00-04:00
2026-06-04T16:03:03.095399-05:00,2026-06-04T21:03:03.095399+00:00,^GSPC,S&P 500,Índice,7584.819824,7553.680176,31.139648,0.4122,up,2026-06-04T15:45:00-04:00
2026-06-04T16:03:03.095399-05:00,2026-06-04T21:03:03.095399+00:00,^IXIC,Nasdaq,Índice,26835.207031,26853.980469,-18.773438,-0.0699,down,2026-06-04T15:45:00-04:00
2026-06-04T16:03:03.095399-05:00,2026-06-04T21:03:03.095399+00:00,^DJI,Dow Jones,Índice,51562.160156,50687.070312,875.089844,1.7265,up,2026-06-04T15:45:00-04:00
2026-06-04T16:03:03.095399-05:00,2026-06-04T21:03:03.095399+00:00,^VIX,VIX,Volatilidad,15.39,16.059999,-0.669999,-4.1719,down,2026-06-04T16:00:00-04:00
2026-06-04T16:03:03.095399-05:00,2026-06-04T21:03:03.095399+00:00,^TNX,US 10Y,Tasa,4.477,4.491,-0.014,-0.3117,down,2026-06-04T14:50:00-04:00
2026-06-04T16:03:03.095399-05:00,2026-06-04T21:03:03.095399+00:00,GC=F,Oro,Commodity,4503.299805,4436.700195,66.599609,1.5011,up,2026-06-04T16:45:00-04:00
2026-06-04T16:03:03.095399-05:00,2026-06-04T21:03:03.095399+00:00,CL=F,WTI,Commodity,92.959999,96.019997,-3.059998,-3.1868,down,2026-06-04T16:45:00-04:00
2026-06-04T16:03:03.095399-05:00,2026-06-04T21:03:03.095399+00:00,HG=F,Cobre,Commodity,6.5315,6.481,0.0505,0.7792,up,2026-06-04T16:45:00-04:00
2026-06-04T16:03:03.095399-05:00,2026-06-04T21:03:03.095399+00:00,BTC-USD,Bitcoin,Crypto,63628.140625,64014.367188,-386.226562,-0.6033,down,2026-06-04T17:00:00-04:00
2026-06-04T17:43:44.621347-05:00,2026-06-04T22:43:44.621347+00:00,USDPEN=X,USD/PEN,FX,3.3997,3.402,-0.0023,-0.0676,down,2026-06-04T17:00:00-04:00
2026-06-04T17:43:44.621347-05:00,2026-06-04T22:43:44.621347+00:00,EURUSD=X,EUR/USD,FX,1.161575,1.16221,-0.000635,-0.0546,down,2026-06-04T18:30:00-04:00
2026-06-04T17:43:44.621347-05:00,2026-06-04T22:43:44.621347+00:00,DX-Y.NYB,DXY,Dólar,99.431999,99.529999,-0.098,-0.0985,down,2026-06-04T18:00:00-04:00
2026-06-04T17:43:44.621347-05:00,2026-06-04T22:43:44.621347+00:00,^GSPC,S&P 500,Índice,7584.819824,7553.680176,31.139648,0.4122,up,2026-06-04T15:45:00-04:00
2026-06-04T17:43:44.621347-05:00,2026-06-04T22:43:44.621347+00:00,^IXIC,Nasdaq,Índice,26835.207031,26853.980469,-18.773438,-0.0699,down,2026-06-04T15:45:00-04:00
2026-06-04T17:43:44.621347-05:00,2026-06-04T22:43:44.621347+00:00,^DJI,Dow Jones,Índice,51562.160156,50687.070312,875.089844,1.7265,up,2026-06-04T15:45:00-04:00
2026-06-04T17:43:44.621347-05:00,2026-06-04T22:43:44.621347+00:00,^VIX,VIX,Volatilidad,15.39,16.059999,-0.669999,-4.1719,down,2026-06-04T16:00:00-04:00
2026-06-04T17:43:44.621347-05:00,2026-06-04T22:43:44.621347+00:00,^TNX,US 10Y,Tasa,4.477,4.491,-0.014,-0.3117,down,2026-06-04T14:50:00-04:00
2026-06-04T17:43:44.621347-05:00,2026-06-04T22:43:44.621347+00:00,GC=F,Oro,Commodity,4507.200195,4436.700195,70.5,1.589,up,2026-06-04T18:30:00-04:00
2026-06-04T17:43:44.621347-05:00,2026-06-04T22:43:44.621347+00:00,CL=F,WTI,Commodity,92.830002,96.019997,-3.189995,-3.3222,down,2026-06-04T18:30:00-04:00
2026-06-04T17:43:44.621347-05:00,2026-06-04T22:43:44.621347+00:00,HG=F,Cobre,Commodity,6.5315,6.481,0.0505,0.7792,up,2026-06-04T18:30:00-04:00
2026-06-04T17:43:44.621347-05:00,2026-06-04T22:43:44.621347+00:00,BTC-USD,Bitcoin,Crypto,63430.539062,64014.367188,-583.828125,-0.912,down,2026-06-04T18:30:00-04:00
2026-06-04T19:19:43.229003-05:00,2026-06-05T00:19:43.229003+00:00,USDPEN=X,USD/PEN,FX,3.4002,3.4025,-0.0023,-0.0676,down,2026-06-04T19:45:00-04:00
2026-06-04T19:19:43.229003-05:00,2026-06-05T00:19:43.229003+00:00,EURUSD=X,EUR/USD,FX,1.161575,1.160941,0.000634,0.0546,up,2026-06-04T20:15:00-04:00
2026-06-04T19:19:43.229003-05:00,2026-06-05T00:19:43.229003+00:00,DX-Y.NYB,DXY,Dólar,99.429001,99.529999,-0.100998,-0.1015,down,2026-06-04T20:00:00-04:00
2026-06-04T19:19:43.229003-05:00,2026-06-05T00:19:43.229003+00:00,^GSPC,S&P 500,Índice,7584.819824,7553.680176,31.139648,0.4122,up,2026-06-04T15:45:00-04:00
2026-06-04T19:19:43.229003-05:00,2026-06-05T00:19:43.229003+00:00,^IXIC,Nasdaq,Índice,26835.207031,26853.980469,-18.773438,-0.0699,down,2026-06-04T15:45:00-04:00
2026-06-04T19:19:43.229003-05:00,2026-06-05T00:19:43.229003+00:00,^DJI,Dow Jones,Índice,51562.160156,50687.070312,875.089844,1.7265,up,2026-06-04T15:45:00-04:00
2026-06-04T19:19:43.229003-05:00,2026-06-05T00:19:43.229003+00:00,^VIX,VIX,Volatilidad,15.39,16.059999,-0.669999,-4.1719,down,2026-06-04T16:00:00-04:00
2026-06-04T19:19:43.229003-05:00,2026-06-05T00:19:43.229003+00:00,^TNX,US 10Y,Tasa,4.477,4.491,-0.014,-0.3117,down,2026-06-04T14:50:00-04:00
2026-06-04T19:19:43.229003-05:00,2026-06-05T00:19:43.229003+00:00,GC=F,Oro,Commodity,4486.799805,4436.700195,50.099609,1.1292,up,2026-06-04T20:00:00-04:00
2026-06-04T19:19:43.229003-05:00,2026-06-05T00:19:43.229003+00:00,CL=F,WTI,Commodity,93.0,96.019997,-3.019997,-3.1452,down,2026-06-04T20:00:00-04:00
2026-06-04T19:19:43.229003-05:00,2026-06-05T00:19:43.229003+00:00,HG=F,Cobre,Commodity,6.501,6.481,0.02,0.3086,up,2026-06-04T20:00:00-04:00
2026-06-04T19:19:43.229003-05:00,2026-06-05T00:19:43.229003+00:00,BTC-USD,Bitcoin,Crypto,63614.660156,64014.367188,-399.707031,-0.6244,down,2026-06-04T20:15:00-04:00
